variant,description,mean_daytime_kW,peak_kW,daily_energy_kWh_mean,rmse_vs_real_kW
real,Measured real PV,92.12120478151222,250.74841666666666,994.1635221218689,0.0
A_clean_baseline,Corrected synthetic only (no disturbances),101.74676584585156,223.34552254431154,1089.2456201630512,25.941019716294537
B_degradation,Annual degradation only (NREL median 0.75%/year),100.18609437654838,221.7349784477977,1072.5379189568293,25.98693047183575
C_soiling,Monsoon-aware soiling only (Sri Lanka sawtooth),99.06264169210736,222.1772820060004,1060.5108446236584,26.19830265962068
D_outages,Random outages and curtailment (NREL fleet statistics),97.60678192990403,223.34552254431154,1044.9252006342062,26.162480103179963
E_noise,Weather+variability-dependent noise only,101.74617120158614,227.89487877971752,1089.2392542244754,26.11947392266123
F_realistic,Full realistic scenario (all disturbances combined),93.58788812791681,224.37938423556153,1001.9011061057656,26.8479317771132
